sample_id,CO3_meq_L,HCO3_meq_L,Cl_meq_L,NO3_meq_L,SO4_meq_L,Ca_meq_L,Mg_meq_L,Na_meq_L,K_meq_L,calc_sum_anions,calc_sum_cations,calc_SAR,source_SAR,SAR_difference,calc_Na_percent,source_Na_percent,calc_TH_mg_L,source_TH_mg_L,ionic_balance_percent,ionic_balance_QC,TDS_EC_factor
AQ-01-01,,2.6,0.4,,0.78,1.3,2.0,0.68,,3.7800000000000002,3.98,0.5293792820298356,0.529,0.00037928202983561476,,17.09,165.0,165.0,2.5773195876288626,Pass,0.6297297297297297
AQ-01-02,,2.6,0.3,,0.98,1.3,1.5,1.0,0.04,3.88,3.84,0.8451542547285166,0.845,0.00015425472851660071,27.083333333333336,27.08,140.0,140.0,-0.5181347150259072,Pass,0.6581196581196581
AQ-01-03,,3.1,0.4,,0.95,1.5,1.4,1.4,,4.45,4.3,1.1626367179523593,1.163,-0.0003632820476406895,,32.56,145.0,145.0,-1.7142857142857184,Pass,0.6436781609195402
AQ-01-04,,3.4,0.3,,0.65,2.1,1.6,0.5,0.04,4.35,4.24,0.3676073110469039,0.368,-0.00039268895309607643,12.735849056603772,12.74,185.0,185.0,-1.2805587892898653,Pass,0.632183908045977
AQ-01-05,0.4,2.4,0.6,,0.9,2.3,1.3,0.77,0.04,4.3,4.409999999999999,0.573924114224946,0.574,-7.58857750539077e-05,18.367346938775512,18.37,179.99999999999997,180.0,1.2629161882893163,Pass,0.6588785046728972
AQ-01-06,0.0,2.6,0.6,,0.32,2.4,0.4,0.95,0.02,3.52,3.77,0.8028965419920907,0.803,-0.00010345800790934057,25.72944297082228,25.73,140.0,140.0,3.429355281207133,Pass,0.6060606060606061
AQ-01-07,0.0,2.5,0.6,,0.3,2.2,0.7,0.6,0.02,3.4,3.5200000000000005,0.4982728791224398,0.498,0.0002728791224397842,17.61363636363636,17.61,145.00000000000003,145.0,1.7341040462427826,Pass,0.6386554621848739
AQ-01-08,0.0,2.85,0.6,,0.5,2.2,1.5,0.68,0.03,3.95,4.41,0.4999459430237893,0.5,-5.405697621069239e-05,16.099773242630388,16.1,185.0,185.0,5.502392344497608,Pass,0.7225130890052356
AQ-01-09,0.0,3.6,0.85,,0.75,2.6,1.3,0.71,0.02,5.2,4.63,0.5084415605679973,0.508,0.00044156056799726784,15.766738660907128,15.77,195.00000000000003,195.0,-5.798575788402851,Pass,0.6492985971943888
AQ-01-10,,3.0,0.7,,1.0,2.3,1.35,1.0,0.05,4.7,4.7,0.7402332101976052,0.74,0.0002332101976052492,22.340425531914892,22.34,182.5,182.5,0.0,Pass,0.875
AQ-01-11,0.0,5.0,0.55,,0.67,3.5,2.5,0.5,0.22,6.22,6.72,0.2886751345948129,0.289,-0.0003248654051870581,10.714285714285715,10.71,300.0,300.0,3.8639876352395675,Pass,0.7224137931034482
AQ-01-12,,3.2,0.35,,1.28,3.0,1.8,,0.02,4.83,4.819999999999999,,0.019,,,1.03,240.0,240.0,-0.10362694300518836,Pass,0.7383177570093458
AQ-01-13,,5.0,0.5,,0.4,2.5,3.0,0.32,0.04,5.9,5.86,0.19296726052976873,0.193,-3.273947023127444e-05,6.143344709897611,6.14,275.0,275.0,-0.340136054421769,Pass,0.6254416961130742
AQ-01-14,,3.9,0.65,,0.95,3.5,1.1,0.92,0.03,5.5,5.55,0.6066300355241241,0.607,-0.00036996447587589465,17.117117117117118,17.12,229.99999999999997,230.0,0.45248868778280377,Pass,0.662962962962963
AQ-01-15,0.4,3.2,0.35,,0.94,2.5,1.0,1.37,0.03,4.890000000000001,4.9,1.0356226560452826,1.036,-0.0003773439547174462,28.57142857142857,28.57,175.0,175.0,0.1021450459652685,Pass,0.6475409836065574
AQ-02-01,0.4,1.0,0.2,,0.55,1.0,0.6,0.7,,2.15,2.3,0.7826237921249264,0.783,-0.00037620787507364195,,30.44,80.0,80.0,3.370786516853931,Pass,0.4785714285714286
AQ-02-02,,3.1,0.7,,0.16,2.1,1.1,0.76,,3.96,3.96,0.6008327554319921,0.601,-0.0001672445680078738,,19.19,160.0,160.0,0.0,Pass,0.657608695652174
AQ-02-03,,2.1,0.5,,0.35,1.7,0.2,1.0,,2.95,2.9,1.0259783520851542,1.026,-2.1647914845823735e-05,,34.48,95.0,95.0,-0.8547008547008593,Pass,0.6470588235294118
AQ-02-04,,4.2,0.5,,0.44,1.9,1.4,1.8,,5.140000000000001,5.1,1.4012980994907414,1.401,0.0002980994907413326,,35.29,165.0,165.0,-0.390625000000009,Pass,0.6261682242990654
AQ-02-05,,5.5,1.0,,0.15,3.0,1.6,2.1,,6.65,6.699999999999999,1.384698994131153,1.385,-0.0003010058688470707,,31.34,229.99999999999997,230.0,0.37453183520598454,Pass,0.6666666666666666
AQ-02-06,0.0,2.5,0.2,,0.66,2.5,0.3,0.52,,3.3600000000000003,3.32,0.4394802124588286,0.44,-0.0005197875411713793,,15.66,140.0,140.0,-0.598802395209588,Pass,0.6470588235294118
AQ-02-07,0.0,2.8,0.5,,0.8,2.6,0.8,0.65,,4.1,4.050000000000001,0.4985272427507908,0.499,-0.00047275724920919915,,16.05,170.00000000000003,170.0,-0.6134969325153243,Pass,0.6
AQ-02-08,0.0,5.2,0.7,,1.38,3.7,2.0,1.6,,7.28,7.300000000000001,0.9477582044145477,0.948,-0.00024179558545223134,,21.92,285.0,285.0,0.13717421124828846,Pass,0.6503401360544218
AQ-02-09,0.0,3.5,0.82,,0.45,2.0,2.2,0.7,,4.7700000000000005,4.9,0.4830458915396479,0.483,4.5891539647902047e-05,,14.29,210.0,210.0,1.3443640124095126,Pass,0.6117886178861789
AQ-02-10,0.23,1.18,0.25,,0.24,0.82,0.58,0.42,0.06,1.9,1.88,0.5019960159204453,0.502,-3.984079554708586e-06,25.531914893617024,25.53,70.0,70.0,-0.5291005291005296,Pass,0.7052631578947368
AQ-02-11,0.0,7.4,1.65,,0.97,5.78,2.88,1.2,0.19,10.020000000000001,10.049999999999999,0.5766831975986553,0.577,-0.0003168024013446846,13.830845771144281,13.83,433.0,433.0,0.14947683109116883,Pass,0.65
AQ-02-12,0.0,4.2,0.8,,0.3,3.2,1.0,1.04,0.08,5.3,5.32,0.7176681817160484,0.718,-0.0003318182839515682,21.05263157894737,21.05,210.0,210.0,0.18832391713748078,Pass,0.65
AQ-02-13,0.0,4.0,0.9,,0.4,3.0,1.24,1.0,0.08,5.300000000000001,5.32,0.6868028197434451,0.687,-0.00019718025655490745,20.30075187969925,20.3,212.0,212.0,0.18832391713747243,Pass,0.65
AQ-02-14,0.5,2.75,0.5,,0.6,2.72,0.76,0.8,0.08,4.35,4.36,0.6064784348631227,0.607,-0.0005215651368772889,20.183486238532108,20.18,174.00000000000003,174.0,0.11481056257176434,Pass,0.65
AQ-02-15,0.4,2.25,0.5,,0.4,2.08,0.64,0.75,0.08,3.55,3.5500000000000003,0.6431196942844081,0.643,0.00011969428440805618,23.380281690140844,23.38,136.0,136.0,6.254777603522009e-15,Pass,0.65
AQ-03-01,0.3,2.9,0.6,,0.34,1.05,1.8,1.35,0.05,4.14,4.25,1.130905552387578,1.131,-9.444761242205502e-05,32.94117647058823,32.94,142.5,142.5,1.311084624553043,Pass,0.6639566395663956
AQ-03-02,,4.0,0.5,,0.2,3.6,0.6,0.35,,4.7,4.55,0.24152294576982394,0.242,-0.0004770542301760494,,7.69,210.0,210.0,-1.6216216216216255,Pass,0.6521739130434783
AQ-03-03,,4.6,0.6,,0.33,2.3,2.6,0.72,0.02,5.529999999999999,5.64,0.45999112679995674,0.46,-8.873200043280072e-06,13.120567375886525,13.12,245.00000000000003,245.0,0.9847806624888124,Pass,0.6542669584245077
AQ-03-04,,4.7,0.6,,1.5,4.0,1.4,0.67,0.09,6.8,6.16,0.40774901503162364,0.408,-0.0002509849683763332,12.337662337662337,12.34,270.0,270.0,-4.938271604938269,Pass,0.6185567010309279
AQ-03-05,0.9,2.6,0.7,,0.56,1.85,1.85,0.92,0.05,4.76,4.67,0.6763974523263032,0.676,0.0003974523263031715,20.770877944325484,20.77,185.0,185.0,-0.9544008483563081,Pass,0.6157894736842106
AQ-03-06,0.0,3.75,0.6,,0.39,1.95,2.05,0.87,0.05,4.739999999999999,4.92,0.6151828996322963,0.615,0.00018289963229634054,18.69918699186992,18.7,200.0,200.0,1.863354037267087,Pass,0.6847290640394089
AQ-03-07,0.0,2.9,0.5,,0.92,1.4,2.0,0.92,0.06,4.32,4.38,0.7056077897395808,0.706,-0.00039221026041913465,22.374429223744293,22.37,170.0,170.0,0.6896551724137887,Pass,0.6467236467236467
AQ-03-08,0.0,3.7,0.6,,0.45,1.8,2.1,0.82,0.06,4.75,4.78,0.5872141967123349,0.587,0.0002141967123349131,18.41004184100418,18.41,195.00000000000003,195.0,0.31479538300105186,Pass,0.6450777202072538
AQ-03-09,0.0,3.6,0.7,,0.95,2.1,1.9,1.18,0.06,5.25,5.239999999999999,0.834386001800126,0.834,0.0003860018001260457,23.664122137404583,23.66,200.0,200.0,-0.09532888465205602,Pass,0.6343115124153499
AQ-03-10,0.0,4.3,0.6,,1.23,2.8,2.5,0.82,0.04,6.129999999999999,6.16,0.5037219958038399,0.504,-0.00027800419616008654,13.96103896103896,13.96,265.0,265.0,0.2441008950366244,Pass,0.6879084967320261
AQ-03-11,0.0,4.2,0.9,,0.77,2.3,2.3,1.2,0.03,5.870000000000001,5.83,0.7912565680749445,0.791,0.0002565680749444521,21.09777015437393,21.1,229.99999999999997,230.0,-0.34188034188034977,Pass,0.631768953068592
AQ-03-12,0.0,4.3,0.5,,0.85,2.5,2.2,0.77,0.06,5.6499999999999995,5.53,0.5022926162511505,0.502,0.0002926162511505126,15.009041591320072,15.01,235.0,235.0,-1.073345259391764,Pass,0.631768953068592
AQ-03-13,0.8,1.3,0.8,,0.64,1.3,1.3,0.86,0.03,3.5400000000000005,3.4899999999999998,0.7542698966040451,0.754,0.0002698966040450834,25.50143266475645,25.5,130.0,130.0,-0.7112375533428266,Pass,0.6352941176470588
AQ-03-14,0.0,3.7,1.0,,0.85,2.7,1.9,0.94,0.02,5.55,5.559999999999999,0.6198176449920398,0.62,-0.00018235500796015547,17.266187050359715,17.27,229.99999999999997,230.0,0.0900090009000801,Pass,0.6352941176470588
AQ-03-15,0.0,3.9,1.0,,0.69,2.0,2.7,0.86,0.04,5.59,5.6000000000000005,0.5610021428259603,0.561,2.1428259602274125e-06,16.07142857142857,16.07,235.0,235.0,0.08936550491510879,Pass,0.6345454545454545
AQ-04-01,,3.9,0.45,,0.45,1.9,2.1,0.8,,4.8,4.8,0.565685424949238,0.566,-0.0003145750507619338,,16.67,200.0,200.0,0.0,Pass,0.6444444444444445
AQ-04-02,0.32,3.02,0.42,,0.99,2.58,1.4,0.67,,4.75,4.65,0.474950407355585,0.475,-4.9592644414953035e-05,,14.41,199.0,199.0,-1.0638297872340388,Pass,0.6628440366972477
AQ-04-03,0.2,4.1,0.58,,0.4,3.0,1.57,0.82,,5.28,5.390000000000001,0.5424637853576104,0.543,-0.0005362146423896208,,15.21,228.5,228.5,1.0309278350515492,Pass,0.6415094339622641
AQ-04-04,0.4,3.25,0.4,,0.3,2.7,1.18,0.5,,4.35,4.38,0.3589790793088691,0.359,-2.0920691130910107e-05,,11.42,194.0,194.0,0.34364261168385163,Pass,0.6388888888888888
AQ-04-05,0.2,4.6,0.8,,0.5,3.2,2.4,0.8,,6.1,6.3999999999999995,0.47809144373375745,0.478,9.144373375746806e-05,,12.5,280.0,280.0,2.3999999999999986,Pass,0.6111111111111112
AQ-04-06,0.0,4.1,0.5,,0.7,3.3,1.7,0.52,,5.3,5.52,0.3288768766575114,0.329,-0.0001231233424885958,,9.42,250.0,250.0,2.0332717190388148,Pass,0.6398305084745762
AQ-04-07,0.0,4.8,0.6,,0.53,3.6,1.6,0.77,,5.93,5.970000000000001,0.4775337281684525,0.478,-0.0004662718315474601,,12.9,260.0,260.0,0.33613445378152035,Pass,0.6407079646017699
AQ-04-08,0.3,4.4,0.8,,0.6,3.4,1.9,0.89,,6.1,6.1899999999999995,0.5467226539822165,0.547,-0.00027734601778350854,,14.38,265.0,265.0,0.7323026851098443,Pass,0.6401326699834162
AQ-04-09,0.0,4.45,2.1,,1.3,4.2,1.45,2.5,,7.8500000000000005,8.15,1.487410293271824,1.487,0.00041029327182395825,,30.68,282.5,282.5,1.874999999999999,Pass,0.6495726495726496
AQ-04-10,0.0,4.1,0.6,,0.7,3.5,1.3,0.67,,5.3999999999999995,5.47,0.4324831403264949,0.433,-0.0005168596735051212,,12.25,240.0,240.0,0.6439742410303615,Pass,0.6396917148362236
AQ-04-11,0.0,4.6,0.6,,0.55,4.1,1.1,0.64,,5.749999999999999,5.839999999999999,0.3969111506854671,0.397,-8.884931453290168e-05,,10.96,259.99999999999994,260.0,0.7765314926660903,Pass,0.6394052044609665
AQ-04-12,0.6,1.6,1.0,,0.7,1.5,0.8,1.61,0.1,3.9000000000000004,4.01,1.5013327412669053,1.501,0.00033274126690541195,42.64339152119702,42.64,114.99999999999999,115.0,1.3906447534766047,Pass,0.6399026763990268
AQ-04-13,,3.7,1.5,,0.7,4.4,0.8,0.79,0.01,5.9,6.0,0.48993720162737336,0.49,-6.27983726266268e-05,13.333333333333334,13.33,260.0,260.0,0.8403361344537785,Pass,0.6399317406143344
AQ-04-14,,4.3,1.9,,0.3,4.3,1.2,1.19,0.01,6.499999999999999,6.699999999999999,0.7175970000950774,0.72,-0.0024029999049225426,17.910447761194032,17.91,275.0,275.0,1.5151515151515165,Pass,0.6488439306358381
AQ-04-15,,4.4,0.8,,0.3,3.8,1.3,0.51,0.01,5.5,5.619999999999999,0.31937438845342625,0.319,0.00037438845342624427,9.252669039145909,9.25,254.99999999999997,2.55,1.079136690647475,Pass,0.6204933586337761
AQ-05-01,1.2,1.5,1.15,,1.65,2.45,1.85,1.4,,5.5,5.700000000000001,0.9547920752586628,0.955,-0.0002079247413371288,,24.56,215.00000000000003,215.0,1.7857142857142951,Pass,0.6730769230769231
AQ-05-02,,3.5,0.9,,1.4,2.9,1.6,1.12,0.06,5.800000000000001,5.68,0.7466666666666667,0.747,-0.0003333333333332966,20.774647887323948,20.78,225.0,225.0,-1.0452961672473955,Pass,0.6489563567362429
AQ-05-03,,4.1,0.6,,0.9,3.0,2.0,0.8,0.02,5.6,5.819999999999999,0.5059644256269407,0.506,-3.5574373059343856e-05,14.089347079037802,14.09,250.0,250.0,1.9264448336252171,Pass,0.6542056074766355
AQ-05-04,,3.7,1.5,,2.22,3.1,2.6,1.76,0.04,7.42,7.5,1.0425340248560024,1.043,-0.00046597514399748796,24.0,24.0,285.0,285.0,0.5361930294906171,Pass,0.6502732240437158
AQ-05-05,,3.5,1.1,,1.02,2.4,1.8,2.0,,5.619999999999999,6.2,1.3801311186847083,1.38,0.00013111868470838672,,32.26,210.0,210.0,4.906937394247048,Pass,0.646481178396072
AQ-05-06,0.1,3.9,1.0,,1.7,3.1,2.4,1.2,0.05,6.7,6.75,0.7236272269866326,0.724,-0.0003727730133673557,18.51851851851852,18.52,275.0,275.0,0.3717472118959095,Pass,0.65
AQ-05-07,0.0,4.4,1.2,,1.8,3.2,2.8,1.5,0.05,7.4,7.55,0.8660254037844387,0.866,2.5403784438715604e-05,20.52980132450331,20.53,300.0,300.0,1.0033444816053476,Pass,0.6545454545454545
AQ-05-08,0.0,4.4,1.1,,3.8,3.5,2.1,3.8,0.07,9.3,9.469999999999999,2.2709343577353476,2.271,-6.564226465233247e-05,40.86589229144667,40.87,280.0,280.0,0.9057005860415459,Pass,0.6525336091003102
AQ-05-09,0.0,3.9,0.4,,0.5,2.4,2.0,0.5,0.05,4.8,4.95,0.337099931231621,0.337,9.993123162099771e-05,11.111111111111112,11.11,220.00000000000003,220.0,1.538461538461542,Pass,0.6522593320235757
AQ-05-10,0.0,4.3,0.6,,1.2,3.9,1.8,0.5,0.06,6.1,6.26,0.29617443887954614,0.296,0.0001744388795461571,8.945686900958467,8.95,285.0,285.0,1.294498381877024,Pass,0.643312101910828
AQ-05-11,0.0,6.1,3.5,,0.6,5.0,2.0,3.3,0.11,10.2,10.41,1.763924196622001,1.764,-7.58033779990619e-05,32.756964457252636,32.76,350.0,350.0,1.0189228529839924,Pass,0.6502835538752363
AQ-05-12,0.0,2.5,0.8,,0.3,2.3,0.9,0.7,0.03,3.5999999999999996,3.9299999999999993,0.5533985905294664,0.553,0.0003985905294663361,18.575063613231556,18.58,160.0,160.0,4.382470119521908,Pass,0.6444444444444445
AQ-05-13,0.0,8.1,4.0,,0.9,6.8,3.8,2.57,0.01,13.0,13.18,1.1163366639010883,1.116,0.00033666390108821886,19.57511380880121,19.58,530.0,530.0,0.6875477463712747,Pass,0.6596385542168675
AQ-05-14,0.0,5.5,3.0,24.0,2.6,5.3,0.5,5.3,0.11,35.1,11.209999999999999,3.1122671634279286,3.112,0.00026716342792854064,48.26048171275647,48.26,290.0,290.0,-51.587130209457996,Review,0.6504424778761062
AQ-05-15,0.0,5.1,2.9,14.8,2.2,6.0,0.5,3.7,0.11,25.0,10.309999999999999,2.052390726033348,2.052,0.00039072603334799894,36.95441319107663,36.95,325.0,325.0,-41.6029453412631,Review,0.6615678776290631
AQ-06-01,0.3,2.7,1.6,,1.71,1.36,1.28,2.6,,6.31,5.24,2.2630095274240722,2.263,9.527424072341972e-06,,49.62,132.0,132.0,-9.264069264069258,Pass,0.6043956043956044
AQ-06-02,,3.7,1.2,,1.2,2.2,2.4,1.5,,6.1000000000000005,6.1,0.9890707100936805,0.989,7.071009368053716e-05,,24.59,229.99999999999997,230.0,-7.280150981148568e-15,Pass,0.6554621848739496
AQ-06-03,,4.0,0.7,,0.7,2.0,2.1,0.85,,5.4,4.949999999999999,0.5936657514041415,0.594,-0.00033424859585851063,,17.17,204.99999999999997,205.0,-4.347826086956532,Pass,0.5882352941176471
AQ-06-04,,2.9,0.3,,0.45,0.8,0.8,2.1,,3.65,3.7,2.3478713763747794,2.348,-0.00012862362522048087,,56.76,80.0,80.0,0.6802721088435411,Pass,0.6575342465753424
AQ-06-05,,3.7,0.7,,0.75,2.8,1.1,2.0,,5.15,5.9,1.4322297480788657,1.432,0.00022974807886577686,,33.9,195.0,195.0,6.787330316742081,Pass,0.62
AQ-06-06,0.0,3.5,0.3,,0.35,2.0,0.7,1.5,,4.1499999999999995,4.2,1.2909944487358056,1.291,-5.551264194325611e-06,,35.71,135.0,135.0,0.5988023952095893,Pass,0.5459057071960298
AQ-06-07,0.25,3.4,0.7,,1.0,2.3,1.7,1.5,,5.35,5.5,1.0606601717798212,1.061,-0.0003398282201787506,,27.27,200.0,200.0,1.3824884792626762,Pass,0.5649717514124294
AQ-06-08,0.0,3.1,0.5,,1.0,1.4,1.9,1.2,,4.6,4.5,0.9341987329938275,0.934,0.00019873299382744403,,26.67,165.0,165.0,-1.098901098901095,Pass,0.539647577092511
AQ-06-09,0.0,3.8,0.8,,0.6,2.1,1.5,1.6,,5.199999999999999,5.2,1.1925695879998879,1.193,-0.00043041200011217917,,30.77,180.0,180.0,8.540177112501205e-15,Pass,0.6679389312977099
AQ-06-10,0.0,2.7,1.0,,1.8,2.3,2.0,1.2,,5.5,5.5,0.8183932073645681,0.818,0.00039320736456815997,,21.82,215.0,215.0,0.0,Pass,0.6698113207547169
AQ-06-11,0.0,3.9,0.9,,0.5,2.7,1.0,1.7,,5.3,5.4,1.2498648575594733,1.25,-0.0001351424405267032,,31.48,185.0,185.0,0.9345794392523414,Pass,0.5995975855130785
AQ-06-12,,3.8,0.9,,1.7,2.4,2.3,1.7,,6.4,6.3999999999999995,1.1089577241908517,1.109,-4.227580914828444e-05,,26.56,234.99999999999997,235.0,-6.938893903907228e-15,Pass,0.6508474576271186
AQ-06-13,0.0,3.9,1.0,,1.4,2.3,1.9,2.1,,6.300000000000001,6.299999999999999,1.4491376746189442,1.449,0.00013767461894409472,,33.33,209.99999999999997,210.0,-1.4098070153970242e-14,Pass,0.6601307189542484
AQ-06-14,0.0,3.6,0.5,,1.5,2.0,2.2,1.4,,5.6,5.6,0.9660917830792958,0.966,9.178307929580409e-05,,25.0,210.0,210.0,0.0,Pass,0.6490566037735849
AQ-06-15,,3.8,0.6,,1.2,3.0,0.8,1.8,,5.6,5.6,1.305857250198021,1.306,-0.0001427498019790363,,32.14,190.0,190.0,0.0,Pass,0.649090909090909
AQ-07-01,0.1,3.8,2.6,,0.84,2.7,2.2,2.4,,7.34,7.300000000000001,1.5333037559998557,1.533,0.0003037559998557704,,32.88,245.00000000000003,245.0,-0.27322404371584114,Pass,0.671957671957672
AQ-07-02,0.2,2.6,3.1,,2.1,2.5,2.1,3.4,0.05,8.0,8.05,2.241893609545676,2.242,-0.00010639045432414562,42.857142857142854,42.86,229.99999999999997,230.0,0.31152647975078324,Pass,0.5600933488914819
AQ-07-03,,3.3,4.0,,2.1,1.8,3.6,3.8,,9.4,9.2,2.312606353910701,2.313,-0.0003936460892992599,,41.3,270.0,270.0,-1.0752688172043068,Pass,0.6329787234042553
AQ-07-04,,4.0,4.5,,2.5,2.0,4.4,4.8,,11.0,11.2,2.6832815729997477,2.683,0.0002815729997478478,,42.86,320.0,320.0,0.9009009009008977,Pass,0.6533333333333333
AQ-07-05,,3.2,3.3,,1.1,3.3,1.5,2.52,0.04,7.6,7.36,1.626653005407115,1.627,-0.0003469945928848972,34.78260869565217,34.78,240.0,240.0,-1.6042780748663055,Pass,0.6178343949044586
AQ-07-06,,2.6,23.5,,8.5,7.0,10.0,18.5,,34.6,35.5,6.345447650272827,6.345,0.00044765027282700487,,52.11,850.0,850.0,1.2838801711840209,Pass,0.6358885017421603
AQ-07-07,0.0,5.2,5.5,,5.0,4.5,4.0,7.4,0.06,15.7,15.96,3.5895272505377283,3.59,-0.0004727494622716044,46.741854636591476,46.74,425.0,425.0,0.8212255211623549,Pass,0.6584415584415585
AQ-07-08,0.0,5.1,3.0,,1.0,4.5,1.0,3.4,0.06,9.1,8.96,2.0502771431287927,2.05,0.0002771431287929005,38.61607142857142,38.62,275.0,275.0,-0.7751937984496056,Pass,0.5937183383991894
AQ-07-09,,5.25,8.5,,3.5,1.4,3.5,10.9,0.04,17.25,15.84,6.963754558499345,6.964,-0.0002454415006551969,69.06565656565657,69.07,245.00000000000003,245.0,-4.261106074342702,Pass,0.5684380032206119
AQ-07-10,0.0,2.85,5.8,,1.25,3.65,2.65,2.41,0.11,9.9,8.82,1.3578811692638166,1.358,-0.00011883073618346174,28.57142857142857,28.57,315.0,315.0,-5.769230769230769,Pass,0.5735849056603773
AQ-07-11,0.0,3.0,5.0,,2.42,4.5,2.0,3.59,0.03,10.42,10.12,1.9913737044485726,1.991,0.0003737044485725427,35.77075098814229,35.77,325.0,325.0,-1.4605647517039957,Pass,0.6480769230769231
AQ-07-12,,4.0,10.0,,3.99,7.5,9.0,2.29,0.09,17.990000000000002,18.88,0.7972756642770961,0.797,0.0002756642770960216,12.60593220338983,12.61,825.0,825.0,2.413886628695408,Pass,0.6424581005586593
AQ-07-13,,8.0,120.0,,12.0,32.0,13.0,101.99,1.2,140.0,148.19,21.5013799040382,21.501,0.00037990403819776475,69.63357851406978,69.63,2250.0,2250.0,2.8418751518095693,Pass,0.7044473946232991
AQ-07-14,,3.4,3.85,,1.35,4.9,1.5,2.21,0.04,8.6,8.649999999999999,1.2354275575686338,1.235,0.000427557568633663,26.011560693641623,26.01,320.0,320.0,0.28985507246376196,Pass,0.660377358490566
AQ-07-15,,5.0,14.5,,12.05,6.0,5.5,19.54,0.17,31.55,31.21,8.148743301350482,8.149,-0.0002566986495171619,63.152835629605896,63.15,575.0,575.0,-0.541746335245379,Pass,0.65
AQ-08-01,,2.4,0.6,,2.68,2.9,1.9,0.75,,5.68,5.55,0.48412291827592707,0.484,0.00012291827592708637,,13.51,240.0,240.0,-1.157613535173641,Pass,0.667741935483871
AQ-08-02,,1.4,1.2,,7.06,4.1,4.3,0.6,,9.66,8.999999999999998,0.29277002188455997,0.293,-0.00022997811544001046,,6.67,419.99999999999994,420.0,-3.536977491961426,Pass,0.7058823529411765
AQ-08-03,,4.0,1.6,,5.5,4.6,4.4,2.3,,11.1,11.3,1.0842303978193728,1.084,0.00023039781937272963,,20.35,450.0,450.0,0.8928571428571477,Pass,0.638095238095238
AQ-08-04,,3.1,1.1,,6.2,6.0,3.0,1.15,0.05,10.4,10.200000000000001,0.5421151989096864,0.542,0.00011519890968636481,11.76470588235294,11.77,450.0,450.0,-0.9708737864077635,Pass,0.6381909547738693
AQ-08-05,,2.7,1.3,,5.75,4.5,4.0,1.47,0.05,9.75,10.020000000000001,0.7130547376068189,0.713,5.473760681895534e-05,15.169660678642712,15.17,425.0,425.0,1.3657056145675333,Pass,0.5861386138613861
AQ-08-06,,3.0,1.45,,4.5,3.05,4.2,1.92,,8.95,9.17,1.008433404362669,1.008,0.00043340436266903204,,20.94,362.5,362.5,1.214128035320092,Pass,0.6742857142857143
AQ-08-07,,3.8,1.7,,4.3,3.4,4.0,1.85,0.04,9.8,9.29,0.9617692030835673,0.962,-0.00023079691643268507,20.344456404736277,20.34,370.0,370.0,-2.671555788370883,Pass,0.6702702702702703
AQ-08-08,0.0,3.9,2.0,,4.9,4.4,4.4,2.18,0.08,10.8,11.06,1.0392742222776956,1.039,0.0002742222776956904,20.433996383363475,20.43,440.00000000000006,440.0,1.1893870082342168,Pass,0.6714697406340058
AQ-08-09,0.0,3.8,2.5,,5.0,7.5,1.5,2.18,0.12,11.3,11.299999999999999,1.0276618553244492,1.028,-0.00033814467555082217,20.35398230088496,20.35,450.0,450.0,-7.859986015045356e-15,Pass,0.7359022556390977
AQ-08-10,1.6,3.45,1.65,,3.0,3.1,4.1,1.96,0.04,9.700000000000001,9.2,1.0330107023216706,1.033,1.070232167066365e-05,21.73913043478261,21.74,359.99999999999994,360.0,-2.645502645502655,Pass,0.7057471264367816
AQ-08-11,,5.8,1.1,,7.0,4.5,8.0,1.5,0.06,13.9,14.06,0.6,0.6,0.0,11.095305832147938,11.1,625.0,625.0,0.5722460658082981,Pass,0.879740980573543
AQ-08-12,0.0,5.8,0.5,,0.11,2.0,3.5,0.65,0.03,6.41,6.180000000000001,0.3919647479510927,0.392,-3.5252048907308264e-05,11.00323624595469,11.0,275.0,275.0,-1.826846703733118,Pass,0.6234756097560976
AQ-08-13,0.0,5.5,2.2,,6.15,3.0,10.0,0.82,0.06,13.850000000000001,13.88,0.3216304616266218,0.322,-0.0003695383733782198,6.3400576368876065,6.34,650.0,650.0,0.10818608005769692,Pass,0.7053140096618358
AQ-08-14,,6.6,0.9,,0.82,4.8,3.2,0.3,0.05,8.32,8.350000000000001,0.15,0.15,0.0,4.191616766467065,4.19,400.0,400.0,0.1799640071985671,Pass,0.6589242053789731
AQ-08-15,,2.0,1.65,,8.72,5.5,4.0,2.82,0.08,12.370000000000001,12.4,1.293904739029968,1.294,-9.526097003198508e-05,23.387096774193548,23.39,475.0,475.0,0.12111425111021137,Pass,0.651294498381877
AQ-09-01,,2.6,1.8,,6.5,6.0,3.0,1.9,,10.9,10.9,0.8956685895029602,0.896,-0.00033141049703977465,,17.43,450.0,450.0,0.0,Pass,0.6578947368421053
AQ-09-02,,3.05,2.0,,1.8,2.95,1.55,1.9,0.6,6.85,7.0,1.2666666666666666,1.267,-0.0003333333333332966,35.714285714285715,35.71,225.0,225.0,1.0830324909747318,Pass,0.765625
AQ-09-03,,2.1,6.85,,3.7,3.0,2.6,6.65,0.05,12.649999999999999,12.3,3.974135126036859,3.974,0.00013512603685894575,54.47154471544715,54.47,280.0,280.0,-1.4028056112224363,Pass,0.6992366412213741
AQ-09-04,,3.6,1.0,,1.54,3.4,1.4,1.0,0.03,6.14,5.83,0.6454972243679028,0.646,-0.0005027756320972188,17.667238421955403,17.67,240.0,240.0,-2.5898078529657447,Pass,0.6111111111111112
AQ-09-05,,3.4,4.1,,4.55,6.0,2.3,4.0,0.1,12.05,12.4,1.963522774695264,1.964,-0.00047722530473603975,33.06451612903225,33.07,415.00000000000006,415.0,1.4314928425357858,Pass,0.726530612244898
AQ-09-06,,3.0,2.05,,1.29,2.55,1.85,2.0,0.04,6.34,6.44,1.348399724926484,1.348,0.00039972492648399083,31.67701863354037,31.68,220.00000000000003,220.0,0.782472613458533,Pass,0.581021897810219
AQ-09-07,0.0,1.3,5.2,,6.9,6.0,1.8,5.3,0.05,13.4,13.15,2.6837593227717167,2.684,-0.00024067722828347016,40.68441064638783,40.68,390.0,390.0,-0.9416195856873822,Pass,0.6548599670510709
AQ-09-08,0.0,3.3,4.6,,4.1,4.4,2.5,4.83,0.1,12.0,11.83,2.6003845869409394,2.6,0.00038458694093934653,41.67371090448013,41.67,345.0,345.0,-0.713386487620646,Pass,0.6484304932735426
AQ-09-09,0.0,3.19,11.13,,5.35,5.34,3.49,11.0,0.08,19.67,19.909999999999997,5.235128319002437,5.235,0.00012831900243703842,55.65042692114516,55.65,441.5,441.5,0.6063668519454141,Pass,0.6472055888223552
AQ-09-10,0.0,3.79,3.08,,2.59,4.6,1.95,3.0,0.11,9.46,9.66,1.6577368919866131,1.658,-0.00026310801338680356,32.19461697722567,32.2,327.5,327.5,1.0460251046025066,Pass,0.6571428571428571
AQ-09-11,0.0,2.43,5.25,,2.14,4.9,2.34,3.71,0.06,9.82,11.01,1.949932708854532,1.95,-6.729114546799586e-05,34.241598546775656,34.24,362.0,362.0,5.7129140662505975,Pass,0.6069651741293532
AQ-09-12,0.0,4.35,3.95,,1.84,4.35,2.15,3.77,0.06,10.14,10.33,2.0912197397691137,2.091,0.0002197397691134917,37.07647628267183,37.08,325.0,325.0,0.9281875915974573,Pass,0.6395939086294417
AQ-09-13,0.0,2.81,19.34,,8.95,7.0,4.43,19.8,0.1,31.099999999999998,31.330000000000002,8.282416627823693,8.282,0.00041662782369300544,63.51739546760294,63.52,571.5,571.5,0.3684126221367996,Pass,0.6401294498381876
AQ-09-14,0.0,3.32,3.5,,6.94,8.38,2.09,3.4,0.09,13.760000000000002,13.96,1.4860060378758995,1.486,6.037875899478351e-06,25.0,25.0,523.5,523.5,0.7215007215007189,Pass,0.66
AQ-09-15,0.0,3.43,2.16,,5.12,6.36,2.14,2.33,0.08,10.71,10.91,1.1302160126693117,1.13,0.00021601266931181584,22.08982584784601,22.09,425.0,425.0,0.9250693802035119,Pass,0.6701030927835051
AQ-10-01,,3.1,5.2,,4.4,3.4,3.1,5.25,,12.700000000000001,11.75,2.912176030182453,2.912,0.00017603018245315738,,44.68,325.0,325.0,-3.885480572597141,Pass,0.6166666666666667
AQ-10-02,,2.25,9.4,,6.4,5.0,3.85,9.5,0.05,18.05,18.400000000000002,4.516135541144519,4.516,0.0001355411445187471,51.90217391304348,51.9,442.5,442.5,0.9602194787380011,Pass,0.6657754010695187
AQ-10-03,,2.7,6.4,,5.2,4.6,3.2,6.6,0.06,14.3,14.459999999999999,3.3420399113760997,3.342,3.9911376099599494e-05,46.05809128630705,46.06,390.0,390.0,0.5563282336578524,Pass,0.5979238754325259
AQ-10-04,,2.6,8.85,,5.8,4.5,3.0,9.2,0.04,17.25,16.74,4.750859571347764,4.751,-0.00014042865223640177,55.19713261648745,55.2,375.0,375.0,-1.5004413062665538,Pass,0.5874285714285714
AQ-10-05,,3.05,2.95,,4.52,5.4,1.9,3.25,0.07,10.52,10.620000000000001,1.7011277484181946,1.701,0.00012774841819451765,31.26177024482109,31.26,365.00000000000006,365.0,0.4730368968779632,Pass,0.7252747252747253
AQ-10-06,,2.1,1.8,,4.12,3.7,1.7,2.45,0.07,8.02,7.920000000000001,1.4910225176529521,1.491,2.2517652952025458e-05,31.818181818181817,31.82,270.0,270.0,-0.627352572145538,Pass,0.7105263157894737
AQ-10-07,0.0,2.5,9.7,,7.48,5.3,4.25,10.0,0.08,19.68,19.63,4.5762876195627555,4.576,0.00028761956275591416,51.349974528782475,51.35,477.50000000000006,477.5,-0.1271940981938456,Pass,0.6219572776949827
AQ-10-08,,2.8,9.2,,8.05,5.8,5.3,9.1,0.07,20.05,20.27,3.8627348757998807,3.863,-0.00026512420011925997,45.23926985693143,45.24,555.0,555.0,0.5456349206349178,Pass,0.642051282051282
AQ-10-09,0.0,2.82,18.14,,10.9,7.46,5.77,18.8,0.11,31.86,32.14,7.309588438781548,7.31,-0.00041156121845187243,58.836341008089605,58.84,661.5,661.5,0.4375000000000018,Pass,0.6415215989684074
AQ-10-10,0.0,2.65,6.02,,5.15,4.92,2.75,6.28,0.08,13.82,14.03,3.206837545061678,3.207,-0.00016245493832167668,45.331432644333574,45.33,383.5,383.5,0.7540394973069985,Pass,0.6896024464831805
AQ-10-11,0.0,3.38,4.58,,4.86,4.64,3.36,4.98,0.06,12.82,13.040000000000001,2.49,2.49,0.0,38.65030674846626,38.65,400.0,400.0,0.8507347254447047,Pass,0.6401515151515151
AQ-10-12,0.0,1.88,7.13,,8.25,4.88,4.12,8.3,0.1,17.259999999999998,17.400000000000002,3.9126575225655635,3.913,-0.00034247743443627243,48.27586206896551,48.28,450.0,450.0,0.4039238315060708,Pass,0.6909547738693468
AQ-10-13,0.0,2.7,9.65,,8.47,6.99,4.13,9.84,0.08,20.82,21.04,4.173089534025457,4.173,8.953402545675004e-05,47.148288973384034,47.15,556.0,556.0,0.5255613951266098,Pass,0.64
AQ-10-14,0.0,2.46,11.26,,11.67,8.68,4.71,12.24,0.11,25.39,25.740000000000002,4.730489982468465,4.731,-0.0005100175315346789,47.97979797979798,47.98,669.5,669.5,0.6845296303540024,Pass,0.64
AQ-10-15,0.0,3.02,10.46,,10.75,8.61,4.19,11.68,0.1,24.23,24.580000000000002,4.6169253838458335,4.617,-7.46161541664847e-05,47.92514239218877,47.93,640.0,640.0,0.7170661749641496,Pass,0.6600858369098712
AQ-11-01,,2.4,16.9,,5.8,6.0,2.5,16.5,,25.099999999999998,25.0,8.003675626198987,8.004,-0.00032437380101235647,,66.0,425.0,425.0,-0.1996007984031894,Pass,0.6356589147286822
AQ-11-02,,1.75,20.0,,6.25,5.6,3.2,18.5,0.05,28.0,27.35,8.819528950521729,8.82,-0.0004710494782713681,67.82449725776965,67.82,440.00000000000006,440.0,-1.1743450767840986,Pass,0.6065857885615251
AQ-11-03,,2.65,15.25,,11.99,13.2,3.2,13.5,0.08,29.89,29.979999999999997,4.714404496444653,4.714,0.00040449644465301304,45.29686457638426,45.3,819.9999999999999,820.0,0.1503257056956678,Pass,0.6909710391822828
AQ-11-04,,2.55,5.85,,4.45,5.9,1.25,5.75,,12.849999999999998,12.9,3.0410938407506842,3.041,9.38407506843042e-05,,44.57,357.5,357.5,0.19417475728156305,Pass,0.5749152542372882
AQ-11-05,,3.25,1.9,,3.05,4.15,1.75,2.1,0.03,8.2,8.03,1.2226672704531223,1.223,-0.0003327295468777969,26.525529265255294,26.53,295.0,295.0,-1.0474430067775722,Pass,0.6031746031746031
AQ-11-06,0.0,1.8,15.2,,12.1,8.09,2.0,19.0,0.09,29.1,29.18,8.459077729615617,8.459,7.772961561691716e-05,65.42152159013023,65.42,504.5,504.5,0.13726835964309933,Pass,0.6432865731462926
AQ-11-07,0.0,1.4,3.9,,3.8,4.0,1.1,3.9,0.03,9.1,9.03,2.442274735232083,2.442,0.00027473523208287887,43.521594684385384,43.52,254.99999999999997,255.0,-0.3861003861003877,Pass,0.5732177263969171
AQ-11-08,0.0,2.75,16.1,,8.1,8.8,2.4,15.5,0.08,26.950000000000003,26.78,6.5499454741460035,6.55,-5.4525853996345575e-05,58.177744585511576,58.18,560.0,560.0,-0.31639679880886223,Pass,0.6147234678624813
AQ-11-09,0.0,4.03,12.92,,4.62,8.32,1.75,11.25,0.06,21.57,21.38,5.013635825492847,5.014,-0.00036417450715298116,52.8999064546305,52.9,503.5,503.5,-0.44237485448195873,Pass,0.6050870147255689
AQ-11-10,0.0,2.41,4.0,,8.3,9.0,1.65,4.17,0.06,14.71,14.88,1.8070752963727228,1.807,7.529637272285505e-05,28.427419354838705,28.43,532.5,532.5,0.5745184183845891,Pass,0.6985294117647058
AQ-11-11,0.0,2.25,6.86,,8.09,8.8,1.6,6.96,0.06,17.2,17.419999999999998,3.0521619071884616,3.052,0.00016190718846154084,40.29850746268657,40.3,520.0,520.0,0.6354708261120707,Pass,0.8001193317422435
AQ-11-12,,2.62,11.29,,8.22,10.28,3.02,9.16,0.07,22.130000000000003,22.53,3.5520956432290247,3.552,9.564322902466671e-05,40.967598757212606,40.97,665.0,665.0,0.8956560680698579,Pass,0.6428571428571429
AQ-11-13,0.0,2.44,9.91,,7.21,8.0,1.89,9.84,0.06,19.56,19.79,4.424986504066752,4.425,-1.3495933247398284e-05,50.02526528549773,50.03,494.5,494.5,0.5844980940279554,Pass,0.6398583712696004
AQ-11-14,0.0,3.9,11.41,,12.29,11.68,3.42,12.82,0.03,27.6,27.950000000000003,4.665675706832237,4.666,-0.0003242931677629457,45.974955277280856,45.98,755.0,755.0,0.6300630063006326,Pass,0.6198443579766537
AQ-11-15,0.0,2.16,8.7,,8.7,8.7,2.22,8.92,0.07,19.56,19.91,3.817407593197343,3.817,0.00040759319734284816,45.15318935208438,45.15,546.0,546.0,0.8867494299467986,Pass,0.6597417181358787
AQ-12-01,,3.4,2.45,,5.45,3.9,1.25,6.0,,11.3,11.15,3.7390617170985347,3.739,6.171709853486362e-05,,53.81,257.5,257.5,-0.6681514476614714,Pass,0.7217391304347827
AQ-12-02,,4.3,2.2,,2.4,3.7,1.7,3.7,,8.9,9.100000000000001,2.251748291965683,2.252,-0.0002517080343169553,,40.66,270.0,270.0,1.111111111111117,Pass,0.6502732240437158
AQ-12-03,0.6,4.0,2.35,,3.1,3.2,1.0,5.8,,10.049999999999999,10.0,4.002380244185654,4.002,0.00038024418565463236,,58.0,210.0,210.0,-0.24937655860348598,Pass,0.6482412060301508
AQ-12-04,,3.0,2.2,,4.8,2.8,1.7,6.2,,10.0,10.7,4.133333333333334,4.133,0.0003333333333337407,,57.94,225.0,225.0,3.3816425120772915,Pass,0.6523809523809524
AQ-12-05,,3.2,2.35,,4.45,2.0,2.45,5.4,0.1,10.0,9.950000000000001,3.6201682250315512,3.62,0.0001682250315511169,55.27638190954773,55.28,222.5,222.5,-0.2506265664160347,Pass,0.6421052631578947
AQ-12-06,0.8,2.0,3.35,,4.45,1.5,1.6,5.7,0.09,10.600000000000001,8.89,4.578350174744244,4.578,0.00035017474424403616,65.12935883014623,65.13,155.0,155.0,-8.773730118009238,Pass,0.625
AQ-12-07,0.6,3.0,2.27,,4.34,2.7,1.3,5.55,0.11,10.21,9.66,3.9244426355853386,3.924,0.00044263558533863545,58.59213250517598,58.59,200.0,200.0,-2.7679919476597923,Pass,0.7106598984771574
AQ-12-08,0.0,3.5,2.2,,5.08,2.8,1.7,4.4,0.08,10.780000000000001,8.98,2.9333333333333336,2.933,0.0003333333333337407,49.88864142538976,49.89,225.0,225.0,-9.109311740890691,Pass,0.6354679802955665
AQ-12-09,0.0,2.09,2.55,,5.22,2.02,3.27,5.5,0.08,9.86,10.87,3.3818150404574014,3.382,-0.00018495954259867275,51.33394664213432,51.33,264.5,264.5,4.872165943077665,Pass,0.478544776119403
AQ-12-10,0.15,3.45,3.6,,4.95,3.8,1.2,5.43,0.11,12.15,10.54,3.4342335389428595,3.434,0.00023353894285937926,52.56166982922201,52.56,250.0,250.0,-7.095636844424862,Pass,0.7040816326530612
AQ-12-11,0.0,3.3,2.75,,4.5,2.2,2.15,5.1,0.1,10.55,9.549999999999999,3.4581238684661333,3.458,0.00012386846613310354,54.450261780104704,54.45,217.49999999999997,217.5,-4.975124378109461,Pass,0.673036093418259
AQ-12-12,0.0,2.6,3.5,,4.41,2.2,2.0,6.3,0.01,10.51,10.51,4.347413023856832,4.347,0.00041302385683117393,60.03805899143673,60.04,210.0,210.0,0.0,Pass,0.6493955094991365
AQ-12-13,0.0,4.2,3.6,,4.89,3.2,2.8,6.0,0.01,12.690000000000001,12.01,3.464101615137755,3.464,0.00010161513775486242,50.041631973355535,50.04,300.0,300.0,-2.753036437246969,Pass,0.6498344370860927
AQ-12-14,0.0,5.9,1.5,,4.89,4.9,2.5,5.6,0.1,12.29,13.1,2.911301371496203,2.911,0.00030137149620301784,43.51145038167938,43.51,370.0,370.0,3.1902323749507704,Pass,0.6504610226320201
AQ-12-15,0.0,4.1,4.1,,4.68,3.7,1.8,6.6,0.3,12.879999999999999,12.4,3.97994974842648,3.98,-5.025157352012144e-05,55.64516129032258,55.65,275.0,275.0,-1.8987341772151844,Pass,0.6500442086648983
AQ-13-01,,2.85,6.8,,4.5,4.65,2.3,7.1,,14.15,14.05,3.8087366435793224,3.809,-0.00026335642067776277,,50.53,347.5,347.5,-0.35460992907801286,Pass,0.6335493160547156
AQ-13-02,,3.7,7.4,,2.3,4.0,3.2,6.0,,13.400000000000002,13.2,3.1622776601683795,3.162,0.00027766016837960095,,45.46,360.0,360.0,-0.7518796992481309,Pass,0.6492537313432836
AQ-13-03,,3.0,3.5,,3.0,3.8,2.0,3.8,,9.5,9.6,2.2314368341558732,2.231,0.0004368341558733668,,39.58,290.0,290.0,0.5235602094240819,Pass,0.6526315789473685
AQ-13-04,,3.4,8.7,,3.45,5.0,0.9,9.5,,15.55,15.4,5.531113842526029,5.531,0.00011384252602919531,,61.69,295.0,295.0,-0.48465266558966186,Pass,0.6608695652173913
AQ-13-05,,4.3,6.26,,3.99,3.9,3.8,6.7,0.08,14.549999999999999,14.479999999999999,3.4146361826320915,3.415,-0.000363817367908581,46.82320441988951,46.82,384.99999999999994,385.0,-0.24112986565621872,Pass,0.6618705035971223
AQ-13-06,0.0,3.1,16.5,,6.9,9.2,12.2,5.8,,26.5,27.2,1.7731117374956549,1.773,0.00011173749565496216,,21.32,1070.0,1070.0,1.3035381750465536,Pass,0.689922480620155
AQ-13-07,0.0,2.8,12.9,,4.8,4.7,3.2,12.5,,20.5,20.4,6.289432567832845,6.289,0.0004325678328456206,,61.28,395.0,395.0,-0.24449877750611596,Pass,0.6675925925925926
AQ-13-08,0.0,2.4,13.0,,10.0,3.5,4.6,16.9,,25.4,25.0,8.39767751549921,8.398,-0.0003224845007903099,,67.6,405.0,405.0,-0.7936507936507908,Pass,0.5753968253968254
AQ-13-09,0.0,2.7,7.8,,2.9,3.8,3.2,6.8,,13.4,13.8,3.6347528900089716,3.635,-0.00024710999102817155,,49.28,350.0,350.0,1.4705882352941189,Pass,0.6661807580174927
AQ-13-10,0.0,2.9,13.8,,6.3,4.9,3.1,14.8,,23.0,22.8,7.4,7.4,0.0,,64.91,400.0,400.0,-0.43668122270742205,Pass,0.668141592920354
AQ-13-11,0.0,3.6,8.84,,4.44,3.45,4.0,8.96,0.0,16.88,16.41,4.642424730951525,4.642,0.0004247309515248432,54.600853138330294,54.6,372.5,372.5,-1.411835386001799,Pass,0.6622675464907019
AQ-13-12,0.0,4.1,8.25,,4.31,3.2,3.95,9.1,,16.66,16.25,4.8128615566663,4.813,-0.0001384433337001667,,56.0,357.5,357.5,-1.2458219386204807,Pass,0.6660401002506265
AQ-13-13,0.0,2.25,10.33,,8.22,3.85,4.05,13.97,,20.8,21.87,7.029069837809987,7.029,6.983780998748301e-05,,63.88,395.0,395.0,2.507616592453715,Pass,0.6666666666666666
AQ-13-14,0.0,1.5,8.0,,7.7,5.9,2.6,8.65,0.05,17.2,17.2,4.195866313128561,4.196,-0.00013368687143877622,50.58139534883722,50.58,425.0,425.0,0.0,Pass,0.6683107274969173
AQ-13-15,0.0,3.1,7.13,,6.3,6.8,4.6,6.37,0.15,16.53,17.919999999999998,2.6680993958181003,2.668,9.93958181001453e-05,36.38392857142858,36.38,569.9999999999999,570.0,4.034833091436856,Pass,0.6656698564593302
AQ-14-01,0.1,2.4,7.8,,2.72,2.4,1.9,8.5,,13.020000000000001,12.8,5.796951885499024,5.797,-4.811450097541581e-05,,66.41,215.0,215.0,-0.8520526723470203,Pass,0.65
AQ-14-02,,3.3,11.3,,7.18,4.0,2.8,15.0,,21.78,21.8,8.134892168199606,8.135,-0.00010783180039375395,,68.81,340.0,340.0,0.0458926112895814,Pass,0.6510989010989011
AQ-14-03,,3.3,16.2,,4.9,5.4,2.9,15.5,0.25,24.4,24.05,7.608650751944148,7.609,-0.00034924805585223595,65.48856548856548,65.49,415.00000000000006,415.0,-0.7223942208462288,Pass,0.628755364806867
AQ-14-04,0.0,2.0,3.67,,3.1,3.9,2.0,4.34,0.08,8.77,10.32,2.5268456922697857,2.527,-0.00015430773021440913,42.82945736434108,42.83,295.0,295.0,8.11943425877423,Pass,0.629746835443038
AQ-14-05,0.0,3.7,17.1,,4.0,4.1,3.8,15.2,0.23,24.8,23.33,7.64795000248474,7.648,-4.999751525947005e-05,66.13801971710245,66.14,395.0,395.0,-3.05422813214212,Pass,0.6299456943366951
AQ-14-06,0.0,4.2,5.8,,2.6,3.7,1.2,7.22,0.15,12.6,12.270000000000001,4.612688799299566,4.613,-0.00031120070043400005,60.065199674001626,60.07,245.00000000000003,245.0,-1.3268998793727314,Pass,0.629976580796253
AQ-14-07,0.0,3.54,17.95,,4.53,5.9,3.9,15.2,0.15,26.02,25.15,6.866660062079909,6.867,-0.0003399379200912378,61.0337972166998,61.03,490.00000000000006,490.0,-1.7002149697088156,Pass,0.6300353356890459
AQ-14-08,0.0,4.45,9.95,,1.77,3.7,2.5,9.44,0.1,16.169999999999998,15.74,5.361559715292292,5.362,-0.00044028470770829387,60.609911054637855,60.61,310.0,310.0,-1.3475399561265997,Pass,0.6298850574712643
AQ-14-09,0.0,4.48,8.8,,1.7,3.4,2.5,8.93,0.1,14.98,14.93,5.199247011974467,5.199,0.0002470119744675259,60.482250502344264,60.48,295.0,295.0,-0.16716817118020966,Pass,0.6298136645962733
AQ-14-10,0.0,3.08,15.72,,1.21,4.07,3.01,13.08,0.24,20.01,20.4,6.95194156516176,6.952,-5.8434838240195575e-05,65.29411764705883,65.29,354.0,354.0,0.9651076466221159,Pass,0.5922330097087378
AQ-14-11,0.0,3.3,11.0,,3.1,4.0,2.24,11.0,0.16,17.400000000000002,17.400000000000002,6.227523687795276,6.228,-0.00047631220472332814,64.13793103448275,64.14,312.0,312.0,0.0,Pass,0.65
AQ-14-12,0.0,3.7,18.75,,4.0,6.0,2.4,17.8,0.22,26.45,26.42,8.685510649241944,8.686,-0.0004893507580554513,68.20590461771386,68.21,420.0,420.0,-0.05674295441648871,Pass,0.65
AQ-14-13,0.0,3.65,15.0,,3.0,5.0,2.8,13.6,0.24,21.65,21.639999999999997,6.886627696168933,6.887,-0.00037230383106656717,63.955637707948256,63.96,390.0,390.0,-0.023100023100026717,Pass,0.65
AQ-14-14,0.0,3.35,9.0,,2.5,3.84,1.6,9.3,0.14,14.85,14.88,5.638953282094743,5.639,-4.671790525723196e-05,63.44086021505377,63.44,272.0,272.0,0.10090817356206234,Pass,0.65
AQ-14-15,0.0,3.35,22.5,,4.9,6.6,4.0,20.0,0.19,30.75,30.790000000000003,8.687444855261388,8.687,0.00044485526138871023,65.5732380643066,65.57,530.0,530.0,0.06499837504062836,Pass,0.65
AQ-15-01,0.5,2.85,136.5,,20.8,17.35,24.65,119.3,,160.65,161.3,26.03339430515389,26.033,0.000394305153889718,,73.96,2100.0,2100.0,0.20189470414660834,Pass,0.6999664767013074
AQ-15-02,,4.3,118.0,,15.5,15.7,21.0,100.0,,137.8,136.7,23.34435966278354,23.344,0.00035966278353782855,,73.15,1835.0000000000002,1835.0,-0.40072859744991723,Pass,0.6801872074882995
AQ-15-03,,3.5,112.8,,14.4,15.3,22.7,93.0,,130.7,131.0,21.33566324996224,21.336,-0.00033675003775712753,,70.99,1900.0,1900.0,0.11463507833397454,Pass,0.6499246609743847
AQ-15-04,,4.9,36.8,,8.0,4.3,11.2,34.0,0.21,49.699999999999996,49.71,12.213160537820695,12.213,0.00016053782069569422,68.8191510762422,68.82,775.0,775.0,0.010059350165984424,Pass,0.703012912482066
AQ-15-05,,4.9,37.6,,16.5,7.0,12.0,40.0,,59.0,59.0,12.977713690461004,12.978,-0.00028630953899622114,,67.8,950.0,950.0,0.0,Pass,0.7009345794392523
AQ-15-06,,5.2,160.0,,21.6,17.5,27.3,142.0,0.6,186.79999999999998,187.4,30.00297604286234,30.003,-2.395713766034646e-05,76.09391675560299,76.09,2240.0,2240.0,0.16034206306788423,Pass,0.75
AQ-15-07,0.0,3.9,59.2,,10.9,7.6,9.9,56.5,0.01,74.0,74.01,19.100486156864473,19.101,-0.0005138431355256046,76.35454668288068,76.36,875.0,875.0,0.006756300249986566,Pass,0.805230557467309
AQ-15-08,0.0,4.8,212.0,,18.2,12.8,37.66,184.0,0.91,235.0,235.36999999999998,36.63187914858316,36.632,-0.0001208514168382635,78.56141394400306,78.56,2522.9999999999995,2523.0,0.07866147926100221,Pass,0.7001434720229556
AQ-15-09,0.0,4.0,146.0,,15.0,9.6,27.8,127.0,0.63,165.0,165.03,29.368577918992894,29.369,-0.0004220810071053904,77.33745379627946,77.34,1870.0,1870.0,0.009090082719753095,Pass,0.6999498243853487
AQ-15-10,0.0,3.8,320.0,,35.5,18.5,75.5,264.0,1.3,359.3,359.3,38.508357755444166,38.508,0.0003577554441633879,73.83801836905093,73.84,4700.0,4700.0,0.0,Pass,0.6999917067507049
AQ-15-11,0.0,3.3,216.0,,18.4,35.0,29.0,173.0,0.7,237.70000000000002,237.7,30.58236828631818,30.582,0.0003682863181779794,73.07530500631047,73.08,3200.0,3200.0,-5.978483262600759e-15,Pass,0.7
AQ-15-12,0.0,5.9,168.0,,42.5,23.0,53.0,140.0,0.4,216.4,216.4,22.710998958306757,22.711,-1.0416932418877423e-06,64.87985212569316,64.88,3800.0,3800.0,0.0,Pass,0.7
AQ-15-13,0.0,3.6,102.0,,16.9,12.5,20.5,89.0,0.5,122.5,122.5,21.910285394321225,21.91,0.0002853943212244303,73.06122448979592,73.06,1650.0,1650.0,0.0,Pass,0.7
AQ-15-14,0.0,2.9,345.0,,35.9,50.0,52.0,281.0,0.8,383.79999999999995,383.8,39.34787036118707,39.348,-0.0001296388129290449,73.42365815528922,73.42,5100.0,5100.0,7.405343780720169e-15,Pass,0.7
AQ-15-15,3.2,5.7,138.1,,5.9,20.0,19.0,113.0,0.9,152.9,152.9,25.58946097166786,25.59,-0.0005390283321382583,74.49313276651407,74.49,1950.0,1950.0,0.0,Pass,0.7
AQ-16-01,,3.0,90.5,,0.95,15.2,5.2,74.0,,94.45,94.4,23.17029877015053,23.17,0.00029877015052903744,,78.39,1019.9999999999999,1020.0,-0.026476039184536487,Pass,0.6277956933319463
AQ-16-02,,8.5,57.5,,0.55,1.5,13.0,52.0,,66.55,66.5,19.312315170413395,19.312,0.000315170413394128,,78.2,725.0,725.0,-0.037579857196540514,Pass,0.5474683544303798
AQ-16-03,,7.75,52.1,,13.1,4.85,13.65,54.4,,72.95,72.9,17.886609818822873,17.887,-0.0003901811771278574,,74.62,925.0,925.0,-0.03428179636612763,Pass,0.65
AQ-16-04,0.8,4.5,68.6,,14.18,3.45,12.55,72.0,,88.07999999999998,88.0,25.45584412271571,25.456,-0.00015587728428911873,,81.82,800.0,800.0,-0.04543389368467974,Pass,0.6503972758229285
AQ-16-05,,6.85,60.85,,12.44,1.7,15.95,62.47,,80.14,80.12,21.028783457705018,21.029,-0.00021654229498224709,,77.97,882.4999999999999,882.5,-0.012479720454259342,Pass,0.6500311915159077
AQ-16-06,1.6,8.55,107.8,,10.44,4.5,15.5,107.0,,128.39000000000001,127.0,33.836370963801656,33.836,0.00037096380165735354,,84.25,1000.0,1000.0,-0.5442656329535278,Pass,0.65
AQ-16-07,0.0,11.1,180.0,,13.5,6.6,28.5,170.9,,204.6,206.0,40.79467732444636,40.795,-0.00032267555364029477,,82.96,1755.0,1755.0,0.3409644422795922,Pass,0.6453733476241514
AQ-16-08,0.0,6.4,130.0,,4.38,6.0,13.0,122.0,,140.78,141.0,39.582026755906064,39.582,2.6755906063158363e-05,,86.53,950.0,950.0,0.07807509404499925,Pass,0.6499552372426142
AQ-16-09,0.0,10.8,135.0,,19.7,13.0,21.6,130.0,,165.5,164.6,31.255057394232427,31.255,5.739423242800967e-05,,78.98,1730.0,1730.0,-0.2726446531354152,Pass,0.65
AQ-16-10,0.0,8.6,195.0,,24.0,9.5,22.9,208.0,3.12,227.6,243.52,51.67801547999514,51.678,1.5479995141731706e-05,86.69513797634691,86.7,1620.0,1620.0,3.3791815248768926,Pass,0.65
AQ-16-11,,4.0,1.5,,36.0,4.8,11.8,24.0,0.2,41.5,40.800000000000004,8.33052161400748,8.331,-0.000478385992519037,59.31372549019607,59.31,830.0000000000001,830.0,-0.8505467800728987,Pass,0.65
AQ-16-12,,6.5,116.0,,12.7,9.0,12.3,115.0,2.0,135.2,138.3,35.238956249564,35.239,-4.3750435999356796e-05,84.59869848156181,84.6,1065.0,1065.0,1.1334552102376683,Pass,0.65
AQ-16-13,,7.6,147.5,,10.3,7.4,16.0,141.0,2.0,165.4,166.4,41.22172690743037,41.222,-0.0002730925696283748,85.9375,85.94,1170.0,1170.0,0.3013863773357444,Pass,0.65
AQ-16-14,,3.2,30.0,,14.6,5.0,3.5,38.0,0.7,47.800000000000004,47.2,18.432707502761307,18.433,-0.00029249723869284594,81.99152542372882,81.99,425.0,425.0,-0.6315789473684226,Pass,0.65
AQ-16-15,,5.6,2.1,,1.4,2.9,2.0,4.0,0.1,9.1,9.0,2.5555062599997598,2.556,-0.0004937400002402725,45.55555555555555,45.56,245.00000000000003,245.0,-0.5524861878453019,Pass,0.65
AQ-17-01,,1.8,14.8,,8.6,4.4,3.5,18.0,,25.200000000000003,25.9,9.056782897679296,9.057,-0.00021710232070404345,,69.5,395.0,395.0,1.3698630136986218,Pass,0.5799295774647887
AQ-17-02,,1.5,98.1,,30.5,15.0,12.3,96.0,,130.1,123.3,25.983934174116804,25.984,-6.582588319758997e-05,,77.86,1365.0,1365.0,-2.683504340962904,Pass,0.6923076923076923
AQ-17-03,,2.35,31.8,,17.6,7.0,5.0,32.0,,51.75,44.0,13.063945294843618,13.064,-5.4705156381729125e-05,,72.73,600.0,600.0,-8.093994778067884,Pass,0.5598455598455598
AQ-17-04,0.0,2.0,15.2,,13.0,5.4,3.4,17.0,,30.2,25.8,8.104432008587533,8.104,0.0004320085875342272,,65.89,440.00000000000006,440.0,-7.857142857142855,Pass,0.5511551155115512
AQ-17-05,0.0,1.8,27.0,,21.7,8.6,5.6,30.0,,50.5,44.2,11.258799375612023,11.259,-0.00020062438797729953,,67.87,710.0,710.0,-6.652587117212247,Pass,0.5733590733590733
AQ-17-06,0.15,1.6,55.5,,14.7,8.9,7.1,45.8,,71.95,61.8,16.192745289171935,16.193,-0.0002547108280666066,,74.11,800.0,800.0,-7.588785046728976,Pass,0.7003412969283277
AQ-17-07,0.0,1.4,106.1,,16.5,16.7,10.4,92.7,,124.0,119.80000000000001,25.183151985234876,25.183,0.0001519852348756956,,77.38,1355.0,1355.0,-1.7227235438884283,Pass,0.6998069498069498
AQ-17-08,,1.45,45.5,,9.71,7.98,4.73,43.9,,56.660000000000004,56.61,17.41432890748852,17.414,0.00032890748851954754,,77.55,635.5,635.5,-0.04414231482299308,Pass,0.6224417784050812
AQ-17-09,0.0,1.5,141.0,,2.78,28.74,7.89,108.6,,145.28,145.23,25.376186867826693,25.376,0.00018686782669163904,,74.78,1831.4999999999998,1831.5,-0.017211111493584168,Pass,0.6161470163122031
AQ-17-10,0.2,1.5,21.5,,9.0,5.43,2.53,24.22,,32.2,32.18,12.14038900637581,12.14,0.00038900637581029684,,75.26,397.99999999999994,398.0,-0.031065548306932474,Pass,0.6400868755817561
AQ-17-11,0.0,1.5,13.5,,7.41,5.91,2.68,13.8,,22.41,22.39,6.658823481016656,6.659,-0.0001765189833440317,,61.64,429.5,429.5,-0.04464285714285619,Pass,0.6378233719892953
AQ-17-12,0.0,2.0,20.0,,7.42,5.43,3.79,20.18,,29.42,29.4,9.398763014562318,9.399,-0.0002369854376809144,,68.64,460.99999999999994,461.0,-0.03400204012241266,Pass,0.6401630988786952
AQ-17-13,0.0,1.65,17.3,,7.52,5.11,2.84,18.5,,26.47,26.45,9.279042457647105,9.279,4.2457647104754415e-05,,69.94,397.5,397.5,-0.03779289493575127,Pass,0.6401057401812689
AQ-17-14,0.0,2.2,30.5,,8.51,6.39,3.79,31.07,0.49,41.21,41.74,13.77153537701848,13.772,-0.0004646229815197245,75.61092477240057,75.61,509.0,509.0,0.6389391199517795,Pass,0.6500969932104753
AQ-17-15,0.0,2.3,3.5,,44.62,4.79,6.63,38.55,0.57,50.419999999999995,50.54,16.13267289853539,16.133,-0.00032710146460956935,77.40403640680648,77.41,571.0,571.0,0.11885895404120896,Pass,0.6399128022195799
AQ-18-01,,4.3,13.0,,10.5,2.0,10.6,15.0,0.4,27.8,28.0,5.976143046671968,5.976,0.0001430466719680723,55.0,55.0,630.0,630.0,0.3584229390680991,Pass,0.6601532567049808
AQ-18-02,,5.3,10.5,,8.05,1.8,11.0,10.5,0.36,23.85,23.66,4.150489428970998,4.151,-0.0005105710290020937,45.900253592561285,45.9,640.0,640.0,-0.3999158071984872,Pass,0.6158995815899582
AQ-18-03,0.7,6.9,11.5,,10.0,4.4,11.6,13.8,0.38,29.1,30.18,4.879036790187178,4.879,3.6790187178503686e-05,46.98475811795892,46.99,800.0,800.0,1.8218623481781346,Pass,0.6851145038167938
AQ-18-04,,5.4,15.5,,12.0,7.0,8.5,15.6,0.52,32.9,31.62,5.603685423235377,5.604,-0.0003145767646230979,50.98039215686274,50.98,775.0,775.0,-1.983880967141968,Pass,0.6806020066889632
AQ-18-05,,6.9,16.0,,11.0,3.0,14.0,18.5,0.46,33.9,35.96,6.345447650272827,6.345,0.00044765027282700487,52.72525027808676,52.73,850.0,850.0,2.948754652161469,Pass,0.6790625
AQ-18-06,,10.2,38.0,,31.0,1.0,33.5,42.2,0.72,79.2,77.42,10.160566000438921,10.161,-0.0004339995610784797,55.437871351072076,55.44,1725.0,1725.0,-1.1365087472864264,Pass,0.7068607068607069
AQ-18-07,2.0,5.7,40.5,,30.0,3.0,31.5,43.6,0.98,78.2,79.08,10.497646389079074,10.498,-0.0003536109209250071,56.37329286798179,56.37,1725.0,1725.0,0.5595116988809737,Pass,0.6886304909560723
AQ-18-08,0.0,6.2,31.5,,25.0,10.0,15.5,36.0,0.16,62.7,61.66,10.08201660500167,10.082,1.6605001668779096e-05,58.64417774894583,58.64,1275.0,1275.0,-0.8362817626246432,Pass,0.6924774691925695
AQ-18-09,0.0,6.8,29.0,,22.5,3.5,22.0,30.0,0.69,58.3,56.19,8.40168050416806,8.402,-0.00031949583194013087,54.61825947677523,54.62,1275.0,1275.0,-1.842955716656476,Pass,0.6585227272727273
AQ-18-10,2.8,7.1,49.5,,23.5,2.0,37.5,52.8,0.52,82.9,92.82,11.880928233778812,11.881,-7.176622118798548e-05,57.44451626804568,57.45,1975.0,1975.0,5.645344866833592,Pass,0.6507407407407407
AQ-18-11,0.0,7.7,19.0,,8.5,4.0,12.0,20.1,0.49,35.2,36.59,7.106423150924803,7.106,0.0004231509248029397,56.272205520634046,56.27,800.0,800.0,1.936202813762363,Pass,0.5924947145877378
AQ-18-12,0.0,4.3,6.8,,6.25,3.9,7.7,5.75,0.34,17.35,17.69,2.387557545795024,2.388,-0.00044245420497590615,34.42622950819672,34.43,580.0,580.0,0.9703196347031958,Pass,0.642570281124498
AQ-18-13,0.0,8.05,24.0,,11.6,4.0,19.5,25.8,0.5,43.65,49.8,7.5266335612913595,7.527,-0.0003664387086406151,52.811244979919685,52.81,1175.0,1175.0,6.5810593900481535,Pass,0.6472859414035884
AQ-18-14,0.0,6.5,13.5,,14.75,3.6,16.4,15.5,0.4,34.75,35.9,4.901530373260988,4.902,-0.0004696267390125186,44.289693593314766,44.29,1000.0,1000.0,1.6277423920736,Pass,0.7525773195876289
AQ-18-15,1.8,7.5,29.0,,20.0,1.3,24.7,33.0,0.51,58.3,59.51,9.152553237716281,9.153,-0.0004467622837189822,56.309863888422115,56.31,1300.0,1300.0,1.0270774976657338,Pass,0.7326672104404568
AQ-19-01,4.4,17.2,57.7,,25.19,0.9,17.0,83.91,2.61,104.49000000000001,104.42,28.048019677353853,28.048,1.9677353854774537e-05,82.85769009768244,82.86,894.9999999999999,895.0,-0.03350725192667052,Pass,0.7
AQ-19-02,10.0,19.7,81.6,,28.54,20.9,3.0,113.95,1.97,139.84,139.82,32.96327676464768,32.963,0.0002767646476797836,82.90659419253326,82.91,1195.0,1195.0,-0.0071515411571230186,Pass,0.700035752592063
AQ-19-03,13.2,15.3,94.8,,35.78,0.9,27.1,128.78,,159.07999999999998,156.78,34.417902733482016,34.418,-9.72665179830301e-05,,82.14,1400.0,1400.0,-0.7281707085417536,Pass,0.7498428661219358
AQ-19-04,17.0,28.1,134.0,,29.56,11.4,24.9,167.04,5.27,208.66,208.60999999999999,39.20867503942345,39.209,-0.0003249605765560659,82.59910838406597,82.6,1814.9999999999998,1815.0,-0.011982649124071074,Pass,0.7999520843315764
AQ-19-05,0.6,2.9,2.5,,2.55,1.2,1.4,5.56,0.02,8.55,8.18,4.876442587347083,4.876,0.0004425873470825792,68.21515892420537,68.22,129.99999999999997,130.0,-2.2115959354453136,Pass,0.5502392344497608
AQ-19-06,0.0,4.0,2.2,,1.19,1.1,1.4,4.69,0.18,7.390000000000001,7.37,4.194863525789605,4.195,-0.00013647421039486574,66.078697421981,66.08,125.0,125.0,-0.13550135501355326,Pass,0.55
AQ-19-07,2.8,6.5,26.9,,15.96,1.4,9.0,41.13,0.61,52.160000000000004,52.14,18.036698167049057,18.037,-0.00030183295094232676,80.05370157268891,80.05,520.0,520.0,-0.01917545541706915,Pass,0.660594439117929
AQ-19-08,3.4,4.1,84.3,,52.28,3.2,16.8,121.7,2.3,144.07999999999998,144.0,38.484919124249174,38.485,-8.08757508252711e-05,86.11111111111111,86.11,1000.0,1000.0,-0.02777006387114138,Pass,0.7500940910801656
AQ-19-09,0.6,2.0,2.0,,1.38,0.8,1.4,3.5,0.09,5.9799999999999995,5.79,3.337119062359573,3.337,0.00011906235957281908,62.00345423143351,62.0,110.00000000000001,110.0,-1.614273576890395,Pass,0.5511811023622047
AQ-19-10,0.8,0.5,2.5,,2.51,0.8,0.4,4.8,0.18,6.31,6.18,6.196773353931866,6.197,-0.0002266460681337179,80.58252427184466,80.58,60.00000000000001,60.0,-1.0408326661329057,Pass,0.5461538461538461
AQ-19-11,0.0,5.4,8.0,,5.22,1.3,3.6,13.0,0.57,18.62,18.47,8.30539534499922,8.305,0.0003953449992195601,73.47049269085004,73.47,245.00000000000003,245.0,-0.404421677001893,Pass,0.6403940886699507
AQ-19-12,1.2,4.0,12.1,,8.33,1.0,5.3,18.65,0.57,25.630000000000003,25.52,10.508084567124556,10.508,8.456712455640059e-05,75.31347962382445,75.31,315.0,315.0,-0.21505376344086602,Pass,0.6398537477148081
AQ-19-13,0.0,3.3,1.8,,0.87,1.3,1.2,3.21,0.14,5.97,5.85,2.87111128310973,2.871,0.00011128310972985389,57.26495726495727,57.27,125.0,125.0,-1.01522842639594,Pass,0.5511811023622047
AQ-19-14,0.0,4.5,5.1,,2.2,0.9,2.5,8.04,0.25,11.8,11.69,6.166398510332858,6.166,0.0003985103328574269,70.9153122326775,70.92,170.0,170.0,-0.46828437633035846,Pass,0.6401673640167364
AQ-19-15,0.7,6.0,22.5,,3.1,1.5,7.0,23.5,0.4,32.3,32.4,11.39917437670765,11.399,0.0001743767076511915,73.76543209876543,73.77,425.0,425.0,0.1545595054095849,Pass,0.65
AQ-20-01,,1.55,17.9,,12.31,9.8,3.3,19.0,,31.759999999999998,32.1,7.423914319063353,7.424,-8.568093664695908e-05,,59.19,655.0000000000001,655.0,0.5324146570623292,Pass,0.6299261083743842
AQ-20-02,,1.9,37.0,,9.42,6.9,4.9,37.3,0.12,48.32,49.21999999999999,15.35616698290233,15.356,0.00016698290233030377,76.02600568874442,76.03,590.0,590.0,0.922698380151724,Pass,0.6049586776859505
AQ-20-03,,2.6,34.0,,9.5,5.0,6.8,34.2,0.1,46.1,46.1,14.079917180033775,14.08,-8.281996622550025e-05,74.40347071583516,74.4,590.0,590.0,0.0,Pass,0.8218390804597702
AQ-20-04,,2.3,31.0,,6.9,5.8,4.5,29.6,,40.199999999999996,39.900000000000006,13.04331841748126,13.043,0.00031841748126026914,,74.19,515.0,515.0,-0.3745318352059801,Pass,0.6473958333333333
AQ-20-05,0.2,2.0,49.5,,8.0,6.25,7.75,44.0,,59.7,58.0,16.630436812405996,16.63,0.00043681240599724447,,75.86,700.0,700.0,-1.444350042480886,Pass,0.6148236092265943
AQ-20-06,,3.0,29.0,,10.0,6.5,4.7,28.8,0.02,42.0,40.02,12.17022126809064,12.17,0.00022126809063927055,72.01399300349824,72.01,560.0,560.0,-2.41404535479151,Pass,0.6585492227979275
AQ-20-07,,2.5,43.0,,12.0,8.0,6.5,42.2,0.16,57.5,56.86,15.672686542143179,15.673,-0.00031345785682113103,74.49876890608512,74.5,725.0,725.0,-0.5596362364463104,Pass,0.6145318096537609
AQ-20-08,0.0,2.3,37.0,,11.0,4.0,10.4,37.0,0.16,50.3,51.559999999999995,13.789085861248703,13.789,8.586124870291201e-05,72.07137315748642,72.07,720.0,720.0,1.2369919497349284,Pass,0.6
AQ-20-09,0.0,2.5,39.0,,8.0,9.0,4.0,37.0,0.14,49.5,50.14,14.512594000225619,14.513,-0.00040599977438127155,74.07259672915835,74.07,650.0,650.0,0.6423123243677243,Pass,0.5722757598220904
AQ-20-10,0.0,2.4,16.5,,12.25,8.5,8.5,14.0,0.12,31.15,31.12,4.801960383990247,4.802,-3.961600975266322e-05,45.37275064267352,45.37,850.0,850.0,-0.04817729243616121,Pass,0.642235609103079
AQ-20-11,0.0,2.85,35.75,,7.5,7.5,6.5,31.0,0.14,46.1,45.14,11.716898663286043,11.717,-0.00010133671395706756,68.9853788214444,68.99,700.0,700.0,-1.052170100832969,Pass,0.7984381595609962
AQ-20-12,0.0,2.3,41.0,,12.89,11.5,12.3,30.5,0.45,56.19,54.75,8.841508293699839,8.842,-0.0004917063001617095,56.529680365296805,56.53,1190.0,1190.0,-1.2979989183342326,Pass,0.6119016817593791
AQ-20-13,0.0,2.0,17.5,,8.64,12.0,3.0,14.81,0.14,28.14,29.950000000000003,5.407847384434341,5.408,-0.00015261556565970835,49.916527545909844,49.92,750.0,750.0,3.1158547082114,Pass,0.6492537313432836
AQ-20-14,,3.0,42.0,,12.0,20.0,5.0,30.88,0.3,57.0,56.17999999999999,8.734182961216234,8.734,0.00018296121623428974,55.50017799928801,55.5,1250.0,1250.0,-0.7245096306768046,Pass,0.6748138247088028
AQ-20-15,,1.5,45.0,,27.5,20.0,14.0,42.65,0.27,74.0,76.92,10.3441444077996,10.344,0.00014440779960089856,55.79823192927717,55.8,1700.0,1700.0,1.9347998939835684,Pass,0.6511936339522546
